{
  "version": 1,
  "width": 95,
  "height": 29,
  "duration": 18.335674,
  "command": null,
  "title": null,
  "env": {
    "TERM": "xterm-256color",
    "SHELL": "/usr/local/bin/zsh"
  },
  "stdout": [
    [
      0.103074,
      "^L"
    ],
    [
      0.129723,
      "\u001b]1337;RemoteHost=Esh@Eshins-MacBook-Pro.local\u0007\u001b]1337;CurrentDir=/Users/Esh\u0007\u001b]1337;ShellIntegrationVersion=5;shell=zsh\u0007"
    ],
    [
      0.006317,
      "\u001b[1m\u001b[7m%\u001b[27m\u001b[1m\u001b[0m                                                                                              \r \r"
    ],
    [
      6.4e-05,
      "\u001b]2;Esh@Eshins-MacBook-Pro: ~\u0007"
    ],
    [
      2.9e-05,
      "\u001b]1;~\u0007"
    ],
    [
      7.8e-05,
      "\u001b]133;D;0\u0007"
    ],
    [
      2.6e-05,
      "\u001b]1337;RemoteHost=Esh@Eshins-MacBook-Pro.local\u0007\u001b]1337;CurrentDir=/Users/Esh\u0007"
    ],
    [
      0.015948,
      "\r\u001b[0m\u001b[27m\u001b[24m\u001b[J\u001b]133;A\u0007\u001b[33m~\u001b[00m \u001b]133;B\u0007\u001b[K\u001b[?1h\u001b="
    ],
    [
      2.8e-05,
      "\u001b[?2004h"
    ],
    [
      7.2e-05,
      "\u001b[H\u001b[2J\u001b[0m\u001b[27m\u001b[24m\u001b[J\u001b]133;A\u0007\u001b[33m~\u001b[00m \u001b]133;B\u0007\u001b[K"
    ],
    [
      1.342653,
      "S"
    ],
    [
      0.228571,
      "\bSt"
    ],
    [
      0.117406,
      "a"
    ],
    [
      0.101915,
      "t"
    ],
    [
      0.089004,
      "u"
    ],
    [
      0.131914,
      "s"
    ],
    [
      0.542178,
      ":"
    ],
    [
      0.427039,
      " "
    ],
    [
      0.250966,
      "P"
    ],
    [
      0.284011,
      "o"
    ],
    [
      0.281987,
      "s"
    ],
    [
      0.215877,
      "t"
    ],
    [
      0.173098,
      "d"
    ],
    [
      0.159023,
      "o"
    ],
    [
      0.094878,
      "c"
    ],
    [
      0.071921,
      " "
    ],
    [
      0.331995,
      "@"
    ],
    [
      0.218975,
      " "
    ],
    [
      0.285164,
      "D"
    ],
    [
      0.141852,
      "a"
    ],
    [
      0.100087,
      "r"
    ],
    [
      0.183998,
      "t"
    ],
    [
      0.098123,
      "m"
    ],
    [
      0.133855,
      "o"
    ],
    [
      0.111133,
      "u"
    ],
    [
      0.120923,
      "t"
    ],
    [
      0.09705,
      "h"
    ],
    [
      0.183794,
      " "
    ],
    [
      0.267335,
      "C"
    ],
    [
      0.185912,
      "o"
    ],
    [
      0.313784,
      "l"
    ],
    [
      0.203103,
      "l"
    ],
    [
      0.180019,
      "e"
    ],
    [
      0.228188,
      "g"
    ],
    [
      0.111831,
      "e"
    ],
    [
      6.116988,
      "\u001b[?2004l\r\r\n"
    ],
    [
      7.6e-05,
      "\u001b]2;Esh@Eshins-MacBook-Pro: ~\u0007\u001b]1;~\u0007"
    ],
    [
      4e-05,
      "\u001b]133;C;\u0007"
    ],
    [
      1.2e-05,
      "\u001b]133;D;1\u0007"
    ],
    [
      1.3e-05,
      "\u001b]1337;RemoteHost=Esh@Eshins-MacBook-Pro.local\u0007"
    ],
    [
      1.4e-05,
      "\u001b]1337;CurrentDir=/Users/Esh\u0007"
    ],
    [
      0.014036,
      "\r\u001b[0m\u001b[27m\u001b[24m\u001b[J\u001b]133;A\u0007\u001b[33m~\u001b[00m \u001b]133;B\u0007\u001b[K"
    ],
    [
      7.6e-05,
      "\u001b[?1h\u001b="
    ],
    [
      1.7e-05,
      "\u001b[?2004h"
    ],
    [
      0.49157,
      "F"
    ],
    [
      0.188866,
      "\bFo"
    ],
    [
      0.108083,
      "c"
    ],
    [
      0.141966,
      "u"
    ],
    [
      0.114965,
      "s"
    ],
    [
      0.42394,
      ":"
    ],
    [
      0.27993,
      " "
    ],
    [
      0.263994,
      "C"
    ],
    [
      0.220183,
      "o"
    ],
    [
      0.189995,
      "m"
    ],
    [
      0.085928,
      "p"
    ],
    [
      0.218964,
      "u"
    ],
    [
      0.141079,
      "t"
    ],
    [
      0.321016,
      "a"
    ],
    [
      0.125914,
      "t"
    ],
    [
      0.115128,
      "i"
    ],
    [
      0.06897,
      "o"
    ],
    [
      0.108945,
      "n"
    ],
    [
      0.10091,
      "a"
    ],
    [
      0.144125,
      "l"
    ],
    [
      0.120733,
      " "
    ],
    [
      0.482182,
      "S"
    ],
    [
      0.211064,
      "o"
    ],
    [
      0.109994,
      "c"
    ],
    [
      0.119034,
      "i"
    ],
    [
      0.105968,
      "a"
    ],
    [
      0.106056,
      "l"
    ],
    [
      0.138908,
      " "
    ],
    [
      0.231037,
      "N"
    ],
    [
      0.178039,
      "e"
    ],
    [
      0.162847,
      "u"
    ],
    [
      0.226169,
      "r"
    ],
    [
      0.174918,
      "o"
    ],
    [
      0.173971,
      "s"
    ],
    [
      0.117098,
      "c"
    ],
    [
      0.109972,
      "i"
    ],
    [
      0.108818,
      "e"
    ],
    [
      0.105104,
      "n"
    ],
    [
      0.117065,
      "c"
    ],
    [
      0.066037,
      "e"
    ],
    [
      18.295017,
      "\u001b[?2004l\r\r\n"
    ]
  ]
}
